mojo_title,mc_criticscore,mc_criticcount,mc_audiencescore,mc_audiencecount
Star Wars: Episode VIII - The Last Jedi,84,56,4.2,9350
Annabelle: Creation,62,29,6.8,279
Murder on the Orient Express,52,46,6.4,408
Daddy's Home 2,86,53,7.8,1290
Fifty Shades Darker,33,39,3.1,255
Girls Trip,71,35,5.6,104
Sing,59,37,6.2,248
La La Land,94,54,8.4,2215
Made in France,tbd,4,No score yet,
Black Panther,88,55,6.3,3303
A Man Vanishes,92,5,9.0,4
1945,73,13,7.4,8
Henchmen,Link error,Link error,Link error,Link error
A Breath Away,Link error,Link error,Link error,Link error
Sgt. Stubby: An American Hero,44,11,6.8,4
Senso,81,7,No score yet,
Realms,42,9,No score yet,
Over the Limit,91,4,No score yet,
Tall Tales from the Magical Garden of Antoon Krings,Link error,Link error,Link error,Link error
Never-Ending Man: Hayao Miyazaki,64,8,No score yet,
Serendipity,Link error,Link error,Link error,Link error
In Safe Hands,Link error,Link error,Link error,Link error
Indivisible,80,10,No score yet,
I Am Not A Witch,79,19,7.6,11
For Those Who Don't Read Me,Link error,Link error,Link error,Link error
Narcissister Organ Player,69,5,No score yet,
The Hours and Times,Link error,Link error,Link error,Link error
A Fish in the Bathtub,Link error,Link error,Link error,Link error
Tea With the Dames,85,19,7.4,8
American Playhouse: The Killing Floor,Link error,Link error,Link error,Link error
Joan the Maid 1: The Battles,Link error,Link error,Link error,Link error
"No Date, No Signature",Link error,Link error,Link error,Link error
Detour,55,9,No score yet,
Iceman,32,4,3.2,6
I Lost Albert,32,11,No score yet,
TINY: The Life of Erin Blackwell,63,12,No score yet,
Filmworker,73,19,7.7,7
Bauhaus Spirit: 100 Years of Bauhaus,78,4,6.8,5
The Wandering Soap Opera,Link error,Link error,Link error,Link error
Mother of a Day,Link error,Link error,Link error,Link error
The Gliksmans,Link error,Link error,Link error,Link error
State Like Sleep,48,14,No score yet,
100 Acres of Hell,56,5,No score yet,
A Cool Fish,Link error,Link error,Link error,Link error
I'm Leaving Now,Link error,Link error,Link error,Link error
Wallflower,47,7,6.0,7
Slaughterhouse Rulez,39,6,4.7,15
La Flor,77,8,No score yet,
Kaili Blues,85,10,7.3,12
Ballet Blanc,Link error,Link error,Link error,Link error
The Fate of Lee Khan,75,4,No score yet,
Tito and the Birds,76,14,No score yet,
Crepitus,Link error,Link error,Link error,Link error
SGT. Will Gardner,61,12,No score yet,
Chulas Fronteras,70,12,No score yet,
Intuitions,Link error,Link error,Link error,Link error
What You Gonna Do When the World's on Fire?,63,27,6.4,30
Spiral Farm,Link error,Link error,Link error,Link error
Halloween,47,18,5.6,337
Un traductor,Link error,Link error,Link error,Link error
Kedarnath,25,8,5.6,9
Body at Brighton Rock,53,11,3.6,7
Chokehold,Link error,Link error,Link error,Link error
Under the Eiffel Tower,41,7,No score yet,
The Miracle of the Little Prince,Link error,Link error,Link error,Link error
Série noire,Link error,Link error,Link error,Link error
"One Nation, One King",75,5,4.5,4
Relaxer,82,7,6.5,11
The Golden Glove,38,15,7.0,13
Going Attractions: The Definitive Story of the Movie Palace,Link error,Link error,Link error,Link error
To Be of Service,Link error,Link error,Link error,Link error
Patrick the Pug,83,11,6.3,7
Of Fathers and Sons,75,25,6.4,52
"Monrovia, Indiana",Link error,Link error,Link error,Link error
The Plagiarists,75,12,No score yet,
This Magnificent Cake!,Link error,Link error,Link error,Link error
Genesis,74,10,No score yet,
Grass,64,19,7.9,8
Beloved Beast,Link error,Link error,Link error,Link error
The Etruscan Smile,54,8,No score yet,
The Dead Center,63,7,5.3,4
Life and Nothing More,82,15,8.2,19
King of Thieves,47,16,5.3,9
Colossal Youth,Link error,Link error,Link error,Link error
Wings of Desire,Link error,Link error,Link error,Link error
Line of Duty,50,5,No score yet,
Around India with a Movie Camera,Link error,Link error,Link error,Link error
When Lambs Become Lions,75,14,No score yet,
Shooting the Mafia,61,15,No score yet,
Studio 54,70,22,6.0,9
The Spanish Prisoner,70,21,8.3,13
Fritz Lang's Indian Epic,71,18,3.6,5
Streetwise,Link error,Link error,Link error,Link error
The Eyes of Orson Welles,Link error,Link error,Link error,Link error
Daughter of Mine,74,11,No score yet,
16 Bars,Link error,Link error,Link error,Link error
Suburban Birds,72,7,No score yet,
Angels Are Made Of Light,Link error,Link error,Link error,Link error
Ferrante Fever,52,6,No score yet,
Duet for Cannibals,Link error,Link error,Link error,Link error
Between the Lines,63,5,No score yet,
Quartet,64,36,6.1,43
I Do Not Care If We Go Down in History as Barbarians,81,10,No score yet,
Made Me Do It,Link error,Link error,Link error,Link error
In Like Flynn,66,6,7.6,13
Yomeddine,62,12,No score yet,
Bricked,75,11,No score yet,
Journey to the South Pacific,Link error,Link error,Link error,Link error
Stuffed,56,4,No score yet,
The Disappearance of My Mother,78,6,No score yet,
Liyana,80,10,7.0,4
"Cassandro, The Exotico!",28,4,No score yet,
Zen for Nothing,52,4,No score yet,
The House with a Clock in Its Walls,57,38,5.8,109
The Cat Rescuers,58,5,No score yet,
First Man,84,56,7.4,575
This One's for the Ladies,54,8,No score yet,
Screwball,72,10,8.2,6
Boy Erased,69,48,7.2,107
Off Season,71,8,No score yet,
Hagazussa,72,6,5.0,7
Frank and Ava,Link error,Link error,Link error,Link error
El Angel,61,13,7.3,16
Funan,79,9,6.5,4
Midnight Family,81,14,5.6,5
Touch Me Not,65,13,No score yet,
Trinity Seven The Movie 2: Heavens Library & Crimson Lord,56,7,8.5,4
The Competition,Link error,Link error,Link error,Link error
A Private War,75,32,7.1,55
Our Time,Link error,Link error,Link error,Link error
To the Arctic 3D,48,13,No score yet,
ZZ Top: That Little Ol' Band from Texas,53,8,No score yet,
Piercing,63,23,5.9,13
Three Peaks,57,11,No score yet,
Galapagos,80,15,7.8,5
Airpocalypse,tbd,4,No score yet,
Little Joe,60,25,5.3,12
Ode to Joy,38,7,No score yet,
Starfish,74,6,4.4,11
Citizen K,76,19,5.4,7
The House That Jack Built,Link error,Link error,Link error,Link error
Midnight Diner,79,14,No score yet,
Tremors,65,13,7.7,69
Ballon,53,9,7.4,9
Joseph Pulitzer: Voice of the People,Link error,Link error,Link error,Link error
Scandalous: The True Story of the National Enquirer,49,16,5.5,4
Girls of the Sun,51,17,5.5,4
The Perfect Race,66,16,No score yet,
The Return of Martin Guerre,Link error,Link error,Link error,Link error
Black Mother,86,10,3.9,7
Armstrong,57,7,7.3,6
Jane and Emma,tbd,4,No score yet,
Island of Lemurs: Madagascar,66,12,5.2,5
Night School,76,10,No score yet,
General Magic,69,5,No score yet,
Light of My Life,67,16,6.1,35
Celebration,79,10,No score yet,
Wildlife,80,41,7.5,81
The All Americans,65,5,No score yet,
The Gospel of Eureka,66,9,No score yet,
Redoubt,Link error,Link error,Link error,Link error
The Hole in the Ground,63,16,5.1,37
Wicked Witches,Link error,Link error,Link error,Link error
Vox Lux,67,39,6.1,86
Chasing Einstein,Link error,Link error,Link error,Link error
Invisible Life,81,16,8.9,28
Light from Light,80,14,6.0,4
Hyenas,Link error,Link error,Link error,Link error
Donnybrook,53,15,5.2,5
"Leaving Home, Coming Home: A Portrait of Robert Frank",57,13,No score yet,
Kind Hearts and Coronets,75,10,7.8,12
The Wind,66,14,6.2,15
Hotel by the River,79,12,7.7,6
Batman & Robin,57,4,No score yet,
Wrestle,82,8,No score yet,
Memory: The Origins of Alien,70,18,6.3,6
The Day Shall Come,70,21,5.8,10
Lionel Richie at Glastonbury,Link error,Link error,Link error,Link error
The Nun,Link error,Link error,Link error,Link error
Deep Sea,78,10,8.7,11
In the Aisles,67,12,No score yet,
Recorder: The Marion Stokes Project,76,14,No score yet,
Gift,Link error,Link error,Link error,Link error
Sometimes Always Never,67,19,6.8,5
Vault,Link error,Link error,Link error,Link error
The Ground Beneath My Feet,83,9,No score yet,
Desolation Center,Link error,Link error,Link error,Link error
An Acceptable Loss,40,11,5.8,5
Los Reyes,76,5,No score yet,
Sorry Angel,73,21,7.3,8
Space Station 3D,69,13,8.7,7
Pasolini,71,18,7.0,4
An Elephant Sitting Still,86,16,8.8,13
Horn from the Heart: The Paul Butterfield Story,Link error,Link error,Link error,Link error
Buddy,Link error,Link error,Link error,Link error
The Wild Pear Tree,Link error,Link error,Link error,Link error
Love Live! Sunshine!! The School Idol Movie: Over The Rainbow,Link error,Link error,Link error,Link error
White Snake,60,6,7.8,4
Ága,Link error,Link error,Link error,Link error
Loro,Link error,Link error,Link error,Link error
Knife + Heart,69,16,7.4,13
Yardie,52,18,6.7,9
Buñuel in the Labyrinth of the Turtles,Link error,Link error,Link error,Link error
The Death of Dick Long,69,21,5.4,7
The Quiet One,57,18,No score yet,
Moonlight Sonata: Deafness in Three Movements,Link error,Link error,Link error,Link error
Killer Unicorn,Link error,Link error,Link error,Link error
Batman Forever,51,23,6.4,550
The Cave,Link error,Link error,Link error,Link error
Charlie Says,57,21,5.4,13
Clemency,77,31,6.6,25
The Sower,75,5,No score yet,
Vita & Virginia,Link error,Link error,Link error,Link error
Immortal Hero,tbd,4,No score yet,
The Star,42,12,6.3,31
Shed of the Dead,Link error,Link error,Link error,Link error
Aniara,61,16,7.4,17
Slut in a Good Way,74,9,No score yet,
Maze,79,18,7.0,5
For Sama,89,18,7.5,26
Sympathy for the Devil,Link error,Link error,Link error,Link error
Under the Silver Lake,60,31,6.7,87
Carmine Street Guitars,82,14,No score yet,
American Dharma,62,22,No score yet,
The Final Wish,Link error,Link error,Link error,Link error
The Bounty Killer,tbd,4,No score yet,
Free Trip to Egypt,Link error,Link error,Link error,Link error
What Is Democracy?,71,7,No score yet,
Ophelia,60,23,6.2,15
High on the Hog,Link error,Link error,Link error,Link error
¡He matado a mi marido!,80,12,5.8,4
"Cyrano, My Love",69,16,5.2,5
QT8: The First Eight,71,8,6.9,7
The Queen,91,37,6.7,376
Plácido Domingo Gala,81,44,7.0,126
Heavy Water,62,25,6.4,17
One Cut of the Dead,86,14,8.1,33
End of the Century,Link error,Link error,Link error,Link error
This Changes Everything,Link error,Link error,Link error,Link error
Mickey and the Bear,79,13,5.8,4
By the Grace of God,75,20,7.5,11
The Mountain,64,23,No score yet,
Sauvage / Wild,68,23,7.6,266
Free Trip to Egypt,83,17,No score yet,
Being Frank,41,12,No score yet,
The Divine Move 2: The Wrathful,21,11,6.9,14
Cliffs of Freedom,Link error,Link error,Link error,Link error
Diamantino,75,15,7.2,6
Edie,41,11,No score yet,
5B,69,6,No score yet,
"Hale County This Morning, This Evening",78,10,7.0,11
The Battle of Jangsari,64,20,6.9,25
Storm Boy,67,7,7.8,5
3 Faces,Link error,Link error,Link error,Link error
Working Woman,79,11,5.2,5
Swing Kids,Link error,Link error,Link error,Link error
The Old Man & the Gun,75,16,6.9,10
High Strung Free Dance,43,4,No score yet,
Triple Threat,60,4,4.7,18
Once Upon a Deadpool,53,14,4.5,32
Ploey,Link error,Link error,Link error,Link error
A Faithful Man,67,15,6.5,4
The Heiresses,77,14,6.7,12
Saint Judy,51,7,8.3,24
Skid Row Marathon,Link error,Link error,Link error,Link error
National Theater Live: Cyrano de Bergerac,81,12,6.8,9
Ms. Purple,tbd,4,No score yet,
ECCO,31,5,No score yet,
Woodstock,67,10,5.5,4
Papi Chulo,Link error,Link error,Link error,Link error
The Third Wife,71,13,8.0,6
Sound! Euphonium the Movie - Our Promise: A Brand New Day,Link error,Link error,Link error,Link error
Mayday Life,Link error,Link error,Link error,Link error
My Dear Liar,Link error,Link error,Link error,Link error
Margaret Atwood: Live in Cinemas,62,11,9.0,4
Take Point,81,18,7.7,48
A Bigger Splash,74,36,6.9,80
Wonders of the Sea,76,12,6.6,5
Mapplethorpe,42,18,4.8,5
The Image Book,76,22,5.3,4
The Song of Names,51,15,7.4,11
Anthropocene: The Human Epoch,77,6,No score yet,
Tazza: One-Eyed Jack,Link error,Link error,Link error,Link error
Walking on Water,63,11,No score yet,
The Audience,33,4,No score yet,
The Kingmaker,76,16,5.8,16
Be Natural: The Untold Story of Alice Guy-Blaché,Link error,Link error,Link error,Link error
Miss & Mrs. Cops,54,13,3.9,7
Cold Case Hammarskjöld,71,25,No score yet,
The Fall of the American Empire,55,19,7.0,11
Portrait of a Lady on Fire,95,48,8.7,277
Branagh Theatre Live: The Winter's Tale,80,9,No score yet,
Avant qu'on explose,Link error,Link error,Link error,Link error
Police Story,78,9,8.7,15
Born to Be Wild,66,14,7.4,11
Easy Rider,85,18,7.6,84
Mary Magdalene,48,24,6.0,11
Woodstock,69,9,No score yet,
The Zoya Factor,Link error,Link error,Link error,Link error
Made in Abyss: Journey's Dawn,90,38,7.8,174
Okko's Inn,82,21,No score yet,
Wilder vs. Ortiz,42,11,8.8,21
Hubble 3D,53,10,No score yet,
Framing John DeLorean,67,17,8.6,5
Palau the Movie,68,8,No score yet,
Rafiki,68,17,7.5,4
Who Will Write Our History,Link error,Link error,Link error,Link error
Trial by Fire,51,19,6.2,5
Little Woods,74,21,5.5,11
The Last Resort,76,6,No score yet,
Glory,78,22,7.6,5
Before You Know It,68,6,No score yet,
Peterloo,66,34,5.8,17
Halston,64,17,No score yet,
The Death & Life of John F. Donovan,78,5,No score yet,
War and Peace,Link error,Link error,Link error,Link error
Them That Follow,57,23,6.2,10
Batman,69,21,8.2,694
"Diana Ross: Her Life, Love and Legacy",74,8,No score yet,
Bright Ones,84,21,5.7,22
Bolshoi Ballet: The Golden Age,27,9,3.0,4
Sunset,65,23,7.6,7
Robin Hood,53,40,6.3,359
The Bad Guys: The Movie,56,27,5.2,6
Raymonda: Bolshoi Ballet,67,17,7.4,15
Marjaavaan,76,20,7.1,13
"Iyengar: The Man, Yoga, and the Student's Journey",75,5,6.6,11
Friendsgiving Day #2,Link error,Link error,Link error,Link error
To Dust,66,16,5.1,7
The River and the Wall,Link error,Link error,Link error,Link error
Dabangg 3,Link error,Link error,Link error,Link error
Forrest Gump,82,20,7.8,1394
Venom,Link error,Link error,Link error,Link error
Pagalpanti,Link error,Link error,Link error,Link error
Kathy Griffin: A Hell of a Story,60,8,6.8,8
Chasing the Dragon II: Wild Wild Bunch,Link error,Link error,Link error,Link error
"Faith, Hope & Love",67,6,6.7,6
The Possession of Hannah Grace,37,10,4.8,53
The Karate Kid,61,37,6.6,298
Hesburgh,83,5,No score yet,
The Iron Orchard,Link error,Link error,Link error,Link error
Never Surrender: A Galaxy Quest Documentary,tbd,4,7.2,5
Premier Boxing Champions: PBC on FOX PPV: Pacquiao vs. Thurman,77,13,6.2,9
Premier Boxing Champions: PBC on FOX: Spence vs. Porter,Link error,Link error,Link error,Link error
"The Gangster, the Cop, the Devil",Link error,Link error,Link error,Link error
Friendsgiving Day #1,65,9,9.0,65
Canal Street,Link error,Link error,Link error,Link error
When Harry Met Sally...,82,13,7.5,15
311 Enlarged to Show Detail 3,Link error,Link error,Link error,Link error
Mobile Suit Gundam Narrative,60,25,6.8,75
Modest Heroes,tbd,4,No score yet,
Just Mercy,68,50,7.2,109
One Child Nation,85,25,8.2,22
Is It Wrong to Try to Pick Up Girls in a Dungeon - Arrow of the Orion,48,17,5.0,23
The Tale of The Princess Kaguya,89,28,8.6,220
True Grit,80,41,7.7,725
Her Smell,69,24,4.7,29
I Want to Eat Your Pancreas,Link error,Link error,Link error,Link error
The Nutcracker and the Four Realms,39,38,4.8,86
Octaman,59,31,7.4,36
Slayer: The Repentless Killogy,Link error,Link error,Link error,Link error
Saga of Tanya the Evil - The Movie,90,18,9.0,876
Shakira in Concert: El Dorado World Tour,tbd,4,9.2,13
The Giant Spider Invasion,63,16,7.3,47
K-12,42,7,5.7,6
You Are Here: A Come From Away Story,36,36,4.6,22
Stockholm,54,18,7.8,43
Sword of Trust,70,21,7.1,8
Fleabag,80,20,6.2,6
The Big Fight Live: IBF Welterweight Title: Errol Spence Jr. vs. Mikey Garcia,70,15,7.7,34
Diane,86,28,7.6,18
Photograph,48,16,6.7,97
The Tomorrow Man,49,18,6.0,6
The Shawshank Redemption,80,20,9.0,1792
Matthias & Maxime,71,8,8.3,418
The Hummingbird Project,58,26,6.1,22
The Cure: Anniversary 1978-2018 Live in Hyde Park,80,28,8.1,266
The Wedding Guest,57,25,5.4,7
The Man Who Killed Don Quixote,58,25,6.8,41
Mia and the White Lion,52,6,6.2,12
The Nightingale,67,4,No score yet,
"Hello, Dolly!",78,27,7.6,39
The Invisibles,60,11,No score yet,
The Reliant,Link error,Link error,Link error,Link error
The Cold Blue,Link error,Link error,Link error,Link error
Ash Is Purest White,85,34,7.1,27
Fate/stay night [Heaven's Feel] II. lost butterfly,38,34,5.0,149
De De Pyaar De,tbd,4,No score yet,
Merci pour tout,57,24,5.5,22
Cruel Intentions,56,24,8.3,340
Christmas Jars,tbd,4,No score yet,
Lawrence of Arabia,100,8,8.7,356
Hail Satan?,76,31,5.8,26
Batla House,74,50,6.8,281
Nausicaä of the Valley of the Wind,75,4,8.6,21
Widows,84,57,6.9,260
Exit,Link error,Link error,Link error,Link error
Tel Aviv on Fire,70,16,No score yet,
Birds of Passage,85,27,7.8,46
CatVideoFest,91,38,8.9,1139
The Russian Five,Link error,Link error,Link error,Link error
The Climbers,Link error,Link error,Link error,Link error
Wild Nights with Emily,74,14,5.9,8
Code Geass: Lelouch of the Re;Surrection,80,11,No score yet,
My Fair Lady,95,15,8.3,21
The Public,46,18,6.5,8
Bethany Hamilton: Unstoppable,55,6,No score yet,
To Kill a Mockingbird,88,16,8.6,71
The Least of These: The Graham Staines Story,67,7,No score yet,
Long Day's Journey Into Night,81,25,7.2,52
The White Storm 2: Drug Lords,Link error,Link error,Link error,Link error
Grateful Dead Meet-Up 2019,74,7,8.3,33
Dirty Dancing,65,20,7.6,95
Racetime,tbd,4,No score yet,
The Sky Is Pink,Link error,Link error,Link error,Link error
Furie,Link error,Link error,Link error,Link error
The Chaperone,33,11,6.4,7
Non-Fiction,78,29,6.7,19
Honeyland,86,26,9.0,48
The Game Changers,Link error,Link error,Link error,Link error
Raise Hell: The Life & Times of Molly Ivins,Link error,Link error,Link error,Link error
Student of the Year 2,tbd,4,No score yet,
The Captain,67,17,7.6,15
Chonda Pierce: Unashamed,Link error,Link error,Link error,Link error
More Than Blue,80,22,6.4,5
Climax,67,37,7.5,136
Alien,89,34,9.0,917
Steel Magnolias,56,13,8.3,13
Howl's Moving Castle,78,43,7.5,72
The Fighting Preacher,tbd,4,No score yet,
Jesus Is King,61,4,5.6,55
BlacKkKlansman,83,56,7.3,552
Kiki's Delivery Service,82,30,6.6,38
Perfect Strangers,81,24,6.4,15
Noah,68,46,5.4,795
Pati Patni Aur Woh,91,45,6.5,69
Between Me and My Mind,82,21,6.8,5
Princess Mononoke,Link error,Link error,Link error,Link error
Rush: Cinema Strangiato 2019,tbd,4,No score yet,
Bennett's War,44,33,6.1,267
Playmobil: The Movie,86,15,8.7,128
Konosuba!: God's Blessing on This Wonderful World! - Legend of Crimson,80,16,6.6,13
El Coyote,Link error,Link error,Link error,Link error
No Safe Spaces,31,5,9.0,21
Ek Ladki Ko Dekha Toh Aisa Laga,Link error,Link error,Link error,Link error
Los Domirriqueños 2,77,41,6.2,134
BTS World Tour 'Love Yourself: Speak Yourself' (The Final) Seoul Live Viewing,87,53,7.6,140
Pilgrim's Progress,96,41,9.0,1787
1917,78,57,8.4,812
Nothing to Lose 2,46,13,5.8,5
Destroyer,62,44,5.6,70
Kinky Boots the Musical,59,32,5.9,15
The Kid,45,32,6.5,33
Metallica & San Francisco Symphony - S&M2,80,45,7.4,77
Extreme Job,Link error,Link error,Link error,Link error
Never Look Away,68,28,7.9,36
Red Joan,45,22,4.5,21
Fantastic Fungi,70,8,No score yet,
Made for More,43,33,5.6,24
The Wife,77,36,7.3,125
Wild Rose,80,32,8.9,88
The Other Side of Heaven 2: Fire of Faith,Link error,Link error,Link error,Link error
Pandas,82,6,8.0,4
Capernaum,75,33,8.1,84
Ben Is Back,66,39,6.9,52
Badla,63,28,7.3,49
After the Wedding,78,29,7.9,53
Chhichhore,72,31,7.5,39
The Wizard of Oz,92,30,8.5,446
Housefull 4,62,11,6.8,54
3 from Hell,50,5,5.2,26
Gone with the Wind,97,18,8.5,192
Faustina: Love and Mercy,tbd,4,7.8,4
The White Crow,61,29,6.1,13
Promare,77,8,10,2125
Better Days,40,38,6.1,52
Arctic,71,32,6.9,72
The Art of Self-Defense,65,32,6.5,75
Instant Family,57,28,7.3,107
Shoplifters,93,40,8.4,184
Everybody Knows,68,38,7.1,52
Tod@s Caen,Link error,Link error,Link error,Link error
Fantastic Beasts: The Crimes of Grindelwald,52,48,5.7,689
Saaho,Link error,Link error,Link error,Link error
Friends 25th: The One With The Anniversary,73,41,7.5,63
Bharat,Link error,Link error,Link error,Link error
Simmba,46,7,5.2,64
Creed II,66,45,7.0,221
Echo in the Canyon,55,31,5.6,67
BTS World Tour: Love Yourself in Seoul,Link error,Link error,Link error,Link error
Ne Zha,54,5,8.7,18
Pain and Glory,87,43,8.0,117
Replicas,50,4,No score yet,
Uri: The Surgical Strike,77,17,8.8,10
Amazing Grace,65,29,8.1,57
The Grinch,51,32,6.2,145
The Biggest Little Farm,73,27,7.5,19
Maiden,82,25,8.0,21
Brian Banks,58,17,6.0,9
Menteur,90,45,7.9,169
War,36,15,8.4,175
The Last Black Man in San Francisco,83,39,7.2,65
The Oscar Nominated Short Films 2019: Documentary,48,37,5.6,59
Pavarotti,66,21,7.8,12
The Sun Is also a Star,52,25,5.7,20
Bring the Soul: The Movie,tbd,4,10,5
The Mustang,77,36,6.7,34
Don't Let Go,40,41,6.7,80
Gully Boy,79,40,6.7,58
Arctic Dogs,28,4,3.8,17
The Wandering Earth,57,8,5.5,69
Captive State,54,19,5.5,75
The Current War: Director's Cut,83,25,8.2,96
Run the Race,39,11,4.1,43
The Dead Don't Die,60,47,5.4,108
Brittany Runs a Marathon,72,33,6.2,40
Penguins,69,18,7.4,18
Anna,42,7,6.7,22
Serenity,74,34,8.3,789
Stan & Ollie,88,34,8.3,100
"Where'd You Go, Bernadette",Link error,Link error,Link error,Link error
Motherless Brooklyn,60,36,7.3,107
Holmes & Watson,62,33,7.7,174
Black Christmas,22,17,4.7,178
The Best of Enemies,49,25,6.6,30
Greta,54,42,6.1,78
Dark Waters,73,38,7.9,99
The Lighthouse,58,5,No score yet,
Blinded by the Light,71,44,6.7,84
After,25,8,No score yet,
The Kitchen,tbd,4,No score yet,
They Shall Not Grow Old,91,26,8.6,80
If Beale Street Could Talk,87,53,7.1,149
Poms,36,17,6.1,16
A Star Is Born,88,60,8.4,1539
The Prodigy,45,18,5.6,48
Miss Bala,79,24,6.9,24
Late Night,70,46,6.1,74
Second Act,46,27,5.9,47
Missing Link,68,30,7.0,84
The Kid Who Would Be King,66,34,6.2,64
The Good Liar,55,31,5.5,58
Brightburn,89,47,8.3,219
Charlie's Angels,68,45,7.5,161
Bombshell,64,46,6.2,161
The Favourite,91,53,7.7,469
Unplanned,10,7,9.5,1574
Cats,32,51,5.4,518
UglyDolls,39,20,4.7,37
The Peanut Butter Falcon,70,28,7.7,126
Jojo Rabbit,58,57,7.8,663
Shaft,50,33,8.1,83
Hellboy,72,37,8.5,595
Black and Blue,54,23,5.7,40
47 Meters Down: Uncaged,43,17,5.2,61
Stuber,42,37,6.0,87
Parasite,96,52,8.9,1486
Booksmart,84,52,4.8,565
A Dog's Journey,59,40,6.4,55
Fighting with My Family,68,38,7.2,119
Ralph Breaks the Internet,71,43,6.5,457
Judy,66,46,6.7,124
Uncut Gems,91,56,7.1,576
Countdown,31,16,5.1,62
The Art of Racing in the Rain,43,31,7.5,43
Bohemian Rhapsody,49,50,7.7,1076
Midsommar,72,54,6.4,571
21 Bridges,51,32,6.1,71
Vice,Link error,Link error,Link error,Link error
Happy Death Day 2U,57,31,6.2,162
Ready or Not,64,38,6.8,208
Child's Play,54,22,6.9,82
Long Shot,Link error,Link error,Link error,Link error
Dragon Ball Super: Broly,Link error,Link error,Link error,Link error
Doctor Sleep,59,46,7.1,424
Cold Pursuit,57,39,6.1,133
Overcomer,17,5,6.9,45
Last Christmas,50,40,5.9,95
The Hustle,35,28,3.9,88
The Intruder,85,13,4.8,12
Little Women,87,23,7.6,69
Crawl,60,31,6.2,157
The Mule,57,6,3.8,8
Breakthrough,46,17,6.5,43
Queen & Slim,49,37,5.0,32
The Angry Birds Movie 2,60,23,6.8,64
A Dog's Way Home,66,41,7.1,159
Playing with Fire,Link error,Link error,Link error,Link error
Rambo: Last Blood,26,31,7.5,470
Wonder Park,45,22,5.6,37
Five Feet Apart,53,27,7.8,115
Ma,Link error,Link error,Link error,Link error
Gemini Man,38,49,5.3,229
Isn't It Romantic,80,56,6.1,831
Green Book,69,52,8.0,548
What Men Want,49,29,3.5,49
Pet Sematary,38,12,6.6,61
The Curse of la Llorona,41,28,4.6,109
Bumblebee,66,39,7.0,532
Midway,47,28,6.1,188
A Beautiful Day in the Neighborhood,80,50,7.2,179
Escape Room,48,26,6.1,169
Dora and the Lost City of Gold,63,23,5.0,81
Abominable,31,6,6.2,18
Terminator: Dark Fate,54,51,3.9,875
X-Men: Dark Phoenix,43,52,5.0,712
Mary Poppins Returns,61,33,6.4,164
Angel Has Fallen,45,33,6.1,125
Zombieland: Double Tap,55,38,6.5,303
A Madea Family Funeral,55,45,6.2,211
Annabelle Comes Home,38,51,4.3,358
Spider-Man: Into the Spider-Verse,87,50,8.8,1630
Good Boys,60,44,6.1,148
Alita: Battle Angel,53,49,8.6,2055
Rocketman,69,49,7.4,408
Downton Abbey,64,42,6.8,80
The Addams Family,57,19,7.2,48
Hustlers,79,44,6.1,259
The LEGO Movie 2: The Second Part,65,51,6.7,240
Ford v Ferrari,81,47,8.3,586
The Upside,46,40,6.0,93
Godzilla: King of the Monsters,48,46,7.2,861
Glass,43,53,6.6,556
Maleficent: Mistress of Evil,43,40,6.3,213
Dumbo,51,55,5.8,230
Knives Out,82,52,7.6,903
Aquaman,55,50,6.9,1338
Shazam!,71,53,7.6,1267
Once Upon a Time... In Hollywood,55,26,6.2,98
How to Train Your Dragon: The Hidden World,71,42,8.0,437
John Wick: Chapter 3 - Parabellum,73,50,7.7,1051
Fast & Furious Presents: Hobbs & Shaw,81,56,6.4,946
Jumanji: The Next Level,58,37,6.4,287
It Chapter Two,58,52,6.5,796
Joker,59,60,9.0,6897
Aladdin,86,25,8.7,154
Spider-Man: Far from Home,69,55,7.5,1354
Star Wars: Episode IX - The Rise of Skywalker,53,61,4.6,5194
Captain Marvel,64,56,3.1,6034
Frozen II,64,47,6.9,497
Toy Story 4,84,57,7.9,746
The Lion King,88,30,8.8,805
Avengers: Endgame,78,57,7.8,4920
Tosca's Kiss,91,19,7.9,19
To Die Is Hard,78,20,8.2,66
Bad Lucky Goat,Link error,Link error,Link error,Link error
30 Years of Garbage: The Garbage Pail Kids Story,tbd,4,No score yet,
Midget Zombie Takeover,Link error,Link error,Link error,Link error
The Legend of Hallowaiian,tbd,4,6.5,4
Under the Turban,89,27,7.4,92
Beauty and the Beholder,41,6,6.2,5
The Fencer,60,13,No score yet,
I Still See You,31,7,6.8,12
From the East,63,5,6.6,34
That Way Madness Lies...,Link error,Link error,Link error,Link error
The Lost Village,Link error,Link error,Link error,Link error
Signature Move,Link error,Link error,Link error,Link error
In Search of Fellini,55,5,6.3,7
Finding Happiness,Link error,Link error,Link error,Link error
West Of The Jordan River,56,8,No score yet,
Forever,Link error,Link error,Link error,Link error
Last Men in Aleppo,80,14,3.7,31
The Swan,58,10,No score yet,
Charged: The Eduardo Garcia Story,Link error,Link error,Link error,Link error
The Pact,54,10,6.7,31
Kingsman: The Golden Circle,44,44,6.4,527
The Cage Fighter,71,7,No score yet,
Escapes,72,9,8.0,4
The Paris Opera,54,5,No score yet,
Shadowman,78,6,No score yet,
At First Light,Link error,Link error,Link error,Link error
The Second Time Around,Link error,Link error,Link error,Link error
Tom of Finland,56,13,7.1,8
ACORN and the Firestorm,56,4,No score yet,
Straight Into a Storm,48,4,No score yet,
Nana,Link error,Link error,Link error,Link error
Living Proof,47,6,No score yet,
Game Changers,Link error,Link error,Link error,Link error
Song Of Granite,68,7,No score yet,
Félicité,Link error,Link error,Link error,Link error
Porto,75,11,8.3,4
The Citizen,38,4,7.8,5
Armed,Link error,Link error,Link error,Link error
Brimstone & Glory,Link error,Link error,Link error,Link error
The Family,42,32,6.2,172
Frank and Ava,58,5,No score yet,
Miss Kiet's Children,70,9,No score yet,
The Peacemaker,43,20,5.4,39
Nocturama,71,15,6.9,13
American Dresser,24,4,No score yet,
The Other Side of Everything,Link error,Link error,Link error,Link error
Wonderstruck,71,44,6.2,47
Status Update,Link error,Link error,Link error,Link error
Stella's Last Weekend,37,4,No score yet,
The Texture of Falling,Link error,Link error,Link error,Link error
Weightless,56,11,No score yet,
Kickboxer: Retaliation,54,5,6.1,14
Kangaroo,66,5,No score yet,
The Long Dumb Road,64,12,4.8,4
Edward II,68,5,No score yet,
Dolores,81,11,7.2,5
Notes on an Appearance,61,4,No score yet,
Intersection,Link error,Link error,Link error,Link error
12 Days,81,6,No score yet,
In Searching,tbd,4,No score yet,
I Am MLK Jr.,44,17,7.6,7
"Distant Voices, Still Lives",73,12,7.7,6
Aida's Secrets,58,17,6.2,5
On the Beach at Night Alone,80,14,7.7,10
Chavela,68,9,8.0,5
Defining Hope,70,11,5.8,12
School of Life,Link error,Link error,Link error,Link error
An Evening with Beverly Luff Linn,54,17,7.3,7
A Whale of a Tale,Link error,Link error,Link error,Link error
Shoah: Four Sisters,Link error,Link error,Link error,Link error
Calling All Earthlings,55,6,No score yet,
Ex Libris: New York Public Library,91,22,8.0,12
The Lodgers,56,6,No score yet,
This is Congo,75,12,No score yet,
In Echo Park,tbd,4,No score yet,
Spiral,40,4,6.2,9
Painless,Link error,Link error,Link error,Link error
The Clovehitch Killer,59,11,6.4,26
Tall: The American Skyscraper and Louis Sullivan,Link error,Link error,Link error,Link error
Summer of '67,Link error,Link error,Link error,Link error
Spettacolo,76,8,No score yet,
Legend of the Mountain,67,4,No score yet,
Step Up: High Water,79,5,No score yet,
The Crime of Monsieur Lange,69,22,6.7,14
Please Stand By,49,12,6.9,24
Beauty and the Dogs,65,10,No score yet,
Survivors Guide To Prison,66,5,No score yet,
Zoo Wars,62,11,No score yet,
Strangers on the Earth,54,4,No score yet,
The Quest of Alain Ducasse,61,7,No score yet,
River Runs Red,26,5,No score yet,
Wedding Party 2,72,9,8.6,8
Bullitt County,50,5,No score yet,
The Advocates,Link error,Link error,Link error,Link error
Mama Africa,50,6,No score yet,
Class Rank,Link error,Link error,Link error,Link error
Rendezvous in July,66,7,No score yet,
The Most Unknown,Link error,Link error,Link error,Link error
Souvenir,49,10,No score yet,
This is Our Land,61,8,No score yet,
Hannah,63,9,8.0,4
My Art,53,9,No score yet,
The Last Race,77,6,No score yet,
Minding the Gap,90,27,8.2,46
Novitiate,73,30,7.5,20
Quest,59,11,No score yet,
American Chaos,52,9,No score yet,
Shooting the Mafia,Link error,Link error,Link error,Link error
"Lou Andreas-Salomé, The Audacity to be Free",60,11,5.5,4
Our Blood is Wine,Link error,Link error,Link error,Link error
Shed Skin Papa,Link error,Link error,Link error,Link error
Greater,35,4,7.9,10
Night Shift,62,11,9.0,5
End of the Century,45,10,No score yet,
The Fox Hunter,76,17,7.0,28
PGS: Intuition Is Your Personal Guidance System,74,31,7.8,55
The Lucky Man,Link error,Link error,Link error,Link error
Trust Machine: The Story of Blockchain,62,4,No score yet,
When You Read This Letter,Link error,Link error,Link error,Link error
The Escape,75,15,6.8,6
Chasing the Blues,49,5,No score yet,
Bob le Flambeur,46,11,6.3,8
Just One Drop,77,13,8.0,6
Allegiance to Broadway,Link error,Link error,Link error,Link error
To the Arctic 3D,Link error,Link error,Link error,Link error
Christ Stopped at Eboli,Link error,Link error,Link error,Link error
Gabriel and the Mountain,69,9,No score yet,
The Painted Bird,72,25,6.1,10
"Amigo Skate, Cuba",44,4,No score yet,
The Transcendents,42,19,3.0,6
Goldie,72,10,No score yet,
Crock of Gold: A Few Rounds with Shane MacGowan,77,10,No score yet,
Bump Kowalski and the Ten Commandments,88,10,No score yet,
Anything,60,10,8.0,4
Who We Are Now,83,7,5.6,10
Ip Man: Kung Fu Master,Link error,Link error,Link error,Link error
To the Arctic 3D,54,10,8.1,21
Active Measures,68,9,7.5,19
The Devil and Father Amorth,46,16,6.0,4
Ice Dragon: Legend of the Blue Daisies,Link error,Link error,Link error,Link error
November,47,26,8.8,41
The Happys,Link error,Link error,Link error,Link error
Journey to the South Pacific,tbd,4,No score yet,
Izzy Gets the F*ck Across Town,41,9,No score yet,
Loving Pablo,42,16,6.2,11
The Tag Along: Devil Fish,78,11,6.2,5
The Workshop,74,15,6.3,4
Ava,Link error,Link error,Link error,Link error
Winning Formula,76,5,No score yet,
A Paris Education,53,5,No score yet,
Babyteeth,77,29,7.0,27
Deep Sea,48,39,7.1,270
The Atomic Cafe,78,10,8.0,5
Dear Santa,72,6,No score yet,
Sex and the Future,75,16,No score yet,
Just One More Kiss,tbd,4,No score yet,
Matthias & Maxime,59,7,No score yet,
Human Nature,56,30,7.1,20
The Other Lamb,65,17,6.3,9
Hubble 3D,tbd,4,8.6,22
Guest Artist,Link error,Link error,Link error,Link error
Human Capital,63,19,7.6,14
Made in Bangladesh,Link error,Link error,Link error,Link error
Que Leones,Link error,Link error,Link error,Link error
Death House,72,14,8.0,4
Afterward,66,5,No score yet,
An Elephant's Journey,72,7,No score yet,
12 Hour Shift,63,12,6.5,6
Let There Be Light,76,11,7.6,10
Jet Trash,49,5,No score yet,
Ridge Runners,tbd,4,No score yet,
The Divine Order,67,16,6.6,8
Vazante,68,12,No score yet,
The Misandrists,56,11,No score yet,
Milford Graves Full Mantis,38,8,No score yet,
Night of 7 Years,72,4,No score yet,
Same Kind of Different as Me,47,7,6.7,12
Belle de Jour,68,9,No score yet,
Cold Water,90,6,7.0,4
The Cured,57,20,6.1,18
Poor Boy,84,18,No score yet,
The Apparition,18,13,3.8,59
Resistance,53,19,6.0,9
Charm City,Link error,Link error,Link error,Link error
The Mercy,60,19,5.7,14
Memories of Underdevelopment,Link error,Link error,Link error,Link error
Black and Blue,69,31,6.1,8
Kind Hearts and Coronets,54,13,No score yet,
Stardust,66,33,8.6,365
Under the Sea 3D,75,33,7.0,7
The Perfect Race,68,26,6.3,55
Inside the Rain,Link error,Link error,Link error,Link error
Draupadi Unleashed,Link error,Link error,Link error,Link error
Twiceborn,67,8,No score yet,
Coded Bias,Link error,Link error,Link error,Link error
Vitalina Varela,Link error,Link error,Link error,Link error
The Kingmaker,69,6,No score yet,
The Wild Goose Lake,76,17,6.6,11
Saving Brinton,78,5,No score yet,
The Grizzlies,69,4,No score yet,
Straight Up,66,12,6.3,8
Young Ahmed,66,21,4.7,6
BPM (Beats Per Minute),73,11,No score yet,
"No Date, No Signature",73,11,7.4,10
Just Getting Started,21,10,3.6,23
For Those Who Don't Read Me,Link error,Link error,Link error,Link error
Goodland,Link error,Link error,Link error,Link error
The Big Bad Fox and Other Tales,66,6,7.8,12
Maui,64,15,6.7,6
24 Frames,Link error,Link error,Link error,Link error
The Other Side of Hope,84,23,7.1,24
"Hale County This Morning, This Evening",66,13,No score yet,
The House of Tomorrow,58,13,No score yet,
Gray Matter,71,18,No score yet,
Mamma Mia!,51,37,6.9,371
Small Group,71,15,8.3,8
Centigrade,46,8,No score yet,
Girls vs Gangsters,Link error,Link error,Link error,Link error
Strike,Link error,Link error,Link error,Link error
"I Was at Home, But...",39,10,5.5,6
Oolong Courtyard: KungFu School,66,5,No score yet,
Araby,82,8,No score yet,
Submission,52,13,6.5,4
Never Rarely Sometimes Always,91,35,0.8,1620
Sputnik,61,19,6.5,40
Shithouse,74,15,7.8,8
The Rescue,Link error,Link error,Link error,Link error
Foster Boy,Link error,Link error,Link error,Link error
American Deep State,75,12,No score yet,
Advocate,77,6,No score yet,
Lore,76,28,7.7,28
Pandora and the Flying Dutchman,82,5,No score yet,
Made in Hong Kong,Link error,Link error,Link error,Link error
The Jesus Rolls,44,13,3.6,5
Mandy,81,30,6.9,240
Premature,61,9,No score yet,
Born to Be Wild,Link error,Link error,Link error,Link error
Golden Exits,71,21,6.9,9
First We Take Brooklyn,Link error,Link error,Link error,Link error
L'Innocente,66,6,No score yet,
Humor Me,53,9,No score yet,
Rodin,39,14,No score yet,
A Ciambra,70,17,8.8,9
Bigger,37,5,No score yet,
350 Days - Legends. Champions. Survivors,76,10,No score yet,
What Will People Say,69,15,6.6,8
Jumanji/Jumanji: Welcome to the Jungle,70,7,No score yet,
Summer in the Forest,72,6,No score yet,
The Snowman Trek,50,17,6.0,5
Before We Vanish,Link error,Link error,Link error,Link error
Digimon Adventure tri. Part 5: Coexistence,67,12,7.2,5
The Great Silence,Link error,Link error,Link error,Link error
Digimon Adventure tri. Part 6: Future,72,13,No score yet,
DAZN Boxing: Canelo Alvarez vs. Rocky Fielding,49,13,8.8,4
Wanda,82,13,8.4,5
Unsubscribe,72,15,No score yet,
José,75,16,6.5,12
Olympic Dreams,55,12,No score yet,
Disappearance at Clifton Hill,61,11,No score yet,
After Parkland,74,7,No score yet,
Rent-A-Pal,61,7,No score yet,
Max Winslow and the House of Secrets,56,8,No score yet,
Swallow,65,22,6.4,36
True History of the Kelly Gang,75,27,5.3,22
Cane River,80,7,No score yet,
Bacurau,82,27,8.1,99
Last Christmas,41,14,6.9,20
Buffaloed,61,13,6.8,10
A Christmas Story,77,8,8.6,190
Solo Brathuke So Better,tbd,4,No score yet,
Three Christs,39,13,5.5,6
Abominable,71,32,6.6,42
Black '47,51,19,6.1,15
Cynthia,Link error,Link error,Link error,Link error
In Search of Greatness,72,7,No score yet,
My Friend Dahmer,68,26,7.4,31
A Kid Like Jake,58,20,5.7,6
Digimon Adventure tri. Part 4: Loss,57,13,7.0,4
Walk With Me,55,6,8.8,4
Never Goin' Back,58,7,No score yet,
Making the Five Heartbeats,Link error,Link error,Link error,Link error
"Westwood: Punk, Icon, Activist",65,5,6.8,11
Where Is Kyra?,72,20,6.9,11
Where Hands Touch,44,13,7.0,7
Outside In,76,18,7.0,7
The House That Jack Built,Link error,Link error,Link error,Link error
Liz and the Blue Bird,Link error,Link error,Link error,Link error
Feng Shui,Link error,Link error,Link error,Link error
"3100, Run and Become",27,16,2.3,98
The Doctor from India,Link error,Link error,Link error,Link error
Namiya,Link error,Link error,Link error,Link error
Tom of Finland,75,20,6.1,11
Charlie's Angels,67,18,No score yet,
Henchmen,Link error,Link error,Link error,Link error
Summerland,56,22,7.6,7
Helicopter Eela,83,24,6.8,26
Enter the Fat Dragon,Link error,Link error,Link error,Link error
My Brothers' Crossing,52,12,5.8,4
Heaven,Link error,Link error,Link error,Link error
Waves,69,26,5.7,11
Miss Fisher & the Crypt of Tears,Link error,Link error,Link error,Link error
The Whistlers,76,28,6.6,12
Pray: The Story of Patrick Peyton,tbd,4,No score yet,
Honey Boy,55,14,5.7,11
On the Basis of Sex,73,27,6.1,15
Tesla,67,30,4.4,14
First Lady,tbd,4,No score yet,
The Lighthouse,63,8,No score yet,
Come and See,Link error,Link error,Link error,Link error
Bye Bye Germany,Link error,Link error,Link error,Link error
StarDog and TurboCat,Link error,Link error,Link error,Link error
Riverdance 25th Anniversary Show,tbd,4,No score yet,
Above and Beyond: NASA's Journey to Tomorrow,74,8,6.9,7
Archenemy,57,7,7.3,8
The Riot Act,Link error,Link error,Link error,Link error
A Breath Away,47,18,4.9,14
"Nico, 1988",77,16,6.3,11
After Auschwitz,74,8,No score yet,
En el séptimo día,55,24,6.5,8
Keys To The Heart,Link error,Link error,Link error,Link error
Doctor Who: The Woman Who Fell to Earth,54,5,4.1,8
The Brawler,46,4,No score yet,
93Queen,73,5,No score yet,
Claire's Camera,50,24,5.0,28
Nancy,67,17,6.4,14
Goldstone,78,10,7.2,14
Bolshoi Ballet: Swan Lake,60,19,7.7,519
The Wandering Earth,64,27,8.0,22
Custody,83,21,7.4,24
First Cow,89,41,6.9,83
Made in Italy,45,11,6.2,5
Big Brother,Link error,Link error,Link error,Link error
Lobster Cop,Link error,Link error,Link error,Link error
The Price of Everything,76,16,No score yet,
Citizen K,58,23,6.0,5
The Third Murder,68,18,6.9,15
The Man Standing Next,Link error,Link error,Link error,Link error
Come to Daddy,64,20,5.9,25
Ammonite,73,38,7.0,27
Invisible Life,Link error,Link error,Link error,Link error
"14 Days, 12 Nights",69,11,No score yet,
Grease,70,15,8.6,221
Lupin III: The First,61,4,7.5,4
The Nest,79,31,7.2,19
Corpus Christi,77,20,8.1,23
Burden,72,11,No score yet,
Archive,67,6,7.2,32
Incitement,77,7,5.3,4
Always and Forever,54,33,7.4,9
The Burnt Orange Heresy,57,26,6.0,5
Love Story,84,5,7.7,27
A Call to Spy,65,9,4.2,6
The Grinch,84,16,No score yet,
Beneath Us,Link error,Link error,Link error,Link error
Most Wanted,62,7,6.0,6
BANDSTAND: The Broadway Musical on Screen,72,14,6.2,26
Godspeed: The Race Across America,45,40,6.1,54
Champion,tbd,4,No score yet,
National Theatre Live: Macbeth,71,8,No score yet,
Meow Wolf: Origin Story,75,5,No score yet,
Filmworker,70,17,6.8,6
John McEnroe: In the Realm of Perfection,82,17,6.1,7
The Man Who Invented Christmas,60,32,6.7,35
Andrei Rublev,62,17,7.5,4
Golden Slumber,Link error,Link error,Link error,Link error
Revenge,81,23,6.4,135
Detective K: Secret of the Living Dead,Link error,Link error,Link error,Link error
Never Heard,78,19,No score yet,
National Theatre Live: Julius Caesar,69,34,7.0,310
Deep Sea,38,33,6.4,162
Ismael's Ghosts,57,12,No score yet,
Namaste England,87,21,7.3,32
The Good Liar,40,17,1.6,23
"Love, Cecil",67,13,6.9,23
Palm Springs,83,42,7.8,215
Extra Ordinary,72,14,6.5,23
Zombieland: Double Tap,84,26,6.4,43
National Theater Live: Cyrano de Bergerac,68,20,7.1,20
The Secrets We Keep,47,13,4.8,4
Wild Mountain Thyme,45,24,5.6,7
Frozen,43,16,6.2,90
Doctor Who Live Q&A And Screening,82,26,7.8,6
Blind Eyes Opened,73,25,7.9,52
Wonder Woman,76,50,6.4,3319
An American in Paris,83,18,5.8,6
Jiang Ziya,Link error,Link error,Link error,Link error
Mystify: Michael Hutchence,73,8,5.5,4
Mary Shelley,49,28,5.8,22
CatVideoFest 2020,62,14,6.7,9
Amazing Grace,87,26,9.0,816
A Chance in the World,81,6,8.7,12
Fatman,40,24,6.6,48
A Boy. A Girl. A Dream.,75,22,8.1,37
Nostalgia,47,22,3.8,5
The Captain,Link error,Link error,Link error,Link error
George Takei's Allegiance,69,4,No score yet,
Geostorm,21,22,4.2,210
Yu-Gi-Oh!: The Movie - Pyramid of Light,Link error,Link error,Link error,Link error
Gonjiam: Haunted Asylum,Link error,Link error,Link error,Link error
The Young Karl Marx,62,14,6.1,12
Sleepless in Seattle,72,17,6.9,81
Ryuichi Sakamoto: Coda,78,12,7.0,6
Bisbee '17,71,16,7.8,5
How the Grinch Stole Christmas,46,29,6.5,208
Love After Love,84,14,6.3,8
Judy,66,14,5.1,15
Playing with Fire,61,11,No score yet,
Bel Canto,50,18,6.3,9
Ordinary Love,73,24,7.3,12
Clemency,Link error,Link error,Link error,Link error
Die Hard,72,14,5.8,841
Les Misérables,64,7,No score yet,
Ride Your Wave,63,9,No score yet,
Yellow Rose,70,14,7.0,5
The Traitor,64,22,6.6,16
She Dies Tomorrow,80,37,5.0,41
The Kid Detective,74,14,6.8,9
Buddy Games,22,6,5.5,6
Stevie Nicks 24 Karat Gold the Concert,tbd,4,No score yet,
Tulsa,68,34,8.2,48
Seberg,54,28,4.6,15
Greed,52,32,5.5,11
Pinocchio,Link error,Link error,Link error,Link error
Ava,63,4,No score yet,
Black Panther,71,22,8.3,7
Iron Man,79,38,8.5,2227
Best F(r)iends Volume Two,61,18,8.0,4
Inside Out,28,8,4.7,6
Beauty and the Beast,92,7,8.1,34
Swing Kids,88,24,7.9,81
Night of the Living Dead,89,17,8.2,59
Support the Girls,85,34,6.8,42
Eating Animals,69,14,8.3,7
"Buttons, A New Musical Film",29,6,8.2,6
National Theatre Live: The Curious Incident of the Dog in the Night-Time,72,35,7.3,124
Far From the Tree,70,15,8.0,4
Boom for Real: The Late Teenage Years of Jean-Michel Basquiat,72,12,No score yet,
Is Genesis History?,70,20,6.2,18
Museo,86,14,7.6,13
Bad Reputation,66,15,6.4,8
The Bolshoi Ballet: Live From Moscow - The Lady of the Camellias,68,27,6.4,75
Luis and the Aliens,46,4,7.0,5
Dark Waters,51,23,6.5,174
The Big Ugly,52,7,No score yet,
Journey's End,78,35,7.4,31
Harriet,Link error,Link error,Link error,Link error
Rampant,Link error,Link error,Link error,Link error
Guardians of the Galaxy,76,53,8.5,3239
Black Christmas,Link error,Link error,Link error,Link error
Chhapaak,Link error,Link error,Link error,Link error
100% Wolf,56,15,No score yet,
Alone,70,9,6.5,21
The Polar Express,61,36,6.9,237
Pain and Glory,70,28,6.2,123
Patterns of Evidence: The Red Sea Miracle,66,19,6.2,14
The Santa Clause,Link error,Link error,Link error,Link error
Baaghi 3,95,26,9.0,1311
Coco,54,4,8.2,6
Ghostbusters,14,4,5.2,12
Possessor,72,28,7.5,40
21 Bridges,49,13,No score yet,
The Bolshoi Ballet: Live From Moscow - The Flames of Paris,81,15,5.7,14
Born to Be Wild,87,21,8.7,596
Maquia: When the Promised Flower Blooms,81,18,6.9,20
Goldbuster,Link error,Link error,Link error,Link error
The Monkey King 3,51,4,No score yet,
The Bolshoi Ballet: Live From Moscow - Don Quixote,68,10,No score yet,
The Accidental Detective 2: In Action,Link error,Link error,Link error,Link error
Last Letter,Link error,Link error,Link error,Link error
The Final Year,67,31,5.7,9
Fate/Stay Night: Heaven's Feel - I. Presage Flower,89,19,7.8,31
Gauguin: Voyage to Tahiti,54,11,6.6,5
Madeline's Madeline,71,30,6.0,25
Zama,89,26,7.3,38
The Bolshoi Ballet: Live From Moscow - Coppélia,73,11,8.0,7
Shortcut,26,6,No score yet,
Vanguard,34,14,No score yet,
Sarileru Neekevvaru,39,9,6.6,5
Becky,54,22,6.3,23
The Last Shift,61,13,5.3,4
The Tax Collector,22,14,5.6,50
Default,34,5,No score yet,
The Guilty,83,23,8.1,71
Relic,77,36,6.1,54
Love and Monsters,59,11,8.0,66
The Assistant,79,43,4.9,70
The Goonies,62,13,7.4,168
Cut Throat City,67,11,6.4,9
True to the Game 2,Link error,Link error,Link error,Link error
Promising Young Woman,72,38,7.6,64
2 Hearts,29,6,No score yet,
Once Upon a Time... In Hollywood,63,29,5.7,52
Joker,64,31,5.8,68
The Wretched,61,15,6.3,11
The Personal History of David Copperfield,77,39,4.5,38
Elf,64,38,8.5,361
Half Brothers,30,7,No score yet,
The Nightmare Before Christmas,82,31,8.4,174
Fatale,42,13,No score yet,
Train to Busan Presents: Peninsula,51,26,4.9,48
The Dating Project,87,24,8.3,20
Jurassic Park,68,20,8.9,919
The Treasure of the Sierra Madre,98,10,8.5,93
The Producers,52,37,7.8,168
Getting Grace,tbd,4,No score yet,
A Bad Moms Christmas,42,30,4.6,84
Fragments of Truth,55,13,No score yet,
MFKZ,48,6,8.6,19
Borg vs. McEnroe,64,41,7.1,138
Agent Mr. Chan,80,19,7.9,336
Hamlet,72,30,6.6,34
Alien Intrusion: Unmasking a Deception,72,17,7.8,6
RWBY: Argus Limited,16,12,3.4,28
The Square,75,24,7.1,23
Big,73,20,8.6,159
Across the Universe,56,29,7.3,269
What They Had,69,25,6.9,14
Skate Kitchen,72,29,7.3,8
Star Wars: Episode V - The Empire Strikes Back,82,25,9.1,1842
Words on Bathroom Walls,61,12,6.6,5
Generation Wealth,53,23,7.8,19
The Last Full Measure,51,25,6.9,25
My Boyfriend's Meds,Link error,Link error,Link error,Link error
Queen & Slim,58,13,6.8,4
Portrait of a Lady on Fire,74,36,6.5,29
Infidel,Link error,Link error,Link error,Link error
The King,58,29,7.3,13
The Broken Hearts Gallery,57,21,7.7,36
The SpongeBob Movie: Sponge on the Run,Link error,Link error,Link error,Link error
Richard Jewell,Link error,Link error,Link error,Link error
A Beautiful Day in the Neighborhood,44,17,3.9,28
The Rhythm Section,45,36,4.1,41
The Hunt,Link error,Link error,Link error,Link error
Cats,72,30,8.5,105
Downhill,49,39,4.1,42
Freaky,66,37,6.4,45
Let Him Go,63,36,6.7,29
Come Play,58,21,5.8,17
I Still Believe,41,12,6.0,40
Bloodshot,44,35,5.0,192
Emma.,39,5,6.3,24
Jojo Rabbit,29,13,4.1,45
The Way Back,66,33,7.2,106
Eating You Alive,80,22,7.3,111
Kings,34,18,3.4,7
Disney's Newsies: The Broadway Musical!,Link error,Link error,Link error,Link error
Andy Irons: Kissed by God,65,31,7.4,39
The Bolshoi Ballet: Live From Moscow - Giselle,58,4,5.3,6
Great Performances at the Met: MET Opera: Magic Flute,79,15,7.7,6
Under the Sea 3D,Link error,Link error,Link error,Link error
The Bolshoi Ballet: Live From Moscow - The Nutcracker,45,20,5.4,17
Son of Bigfoot,Link error,Link error,Link error,Link error
Hichki,87,25,8.3,55
Russ Taff: I Still Believe,94,22,6.9,81
Damsel,63,33,4.6,20
Get Out,85,48,7.4,1439
Jane and Emma,70,9,8.2,49
Honest Thief,46,21,6.2,31
Gretel & Hansel,48,37,6.3,201
The War with Grandpa,34,23,5.1,33
The Photograph,62,27,6.6,29
Unhinged,40,36,5.3,50
The Grudge,49,32,3.4,258
Suicide the Ripple Effect,33,31,3.3,37
The New Mutants,43,20,4.2,322
Kusama: Infinity,71,17,No score yet,
Mountain,22,29,4.6,96
Parasite,56,26,6.6,52
Just Mercy,60,57,3.9,1621
The Gentlemen,51,44,7.9,423
Spies in Disguise,69,50,7.2,1085
Frozen II,61,56,7.3,382
The Call of the Wild,47,43,6.5,91
The Invisible Man,72,58,6.9,533
Little Women,26,46,5.1,163
Birds of Prey,60,59,3.0,2502
Star Wars: Episode IX - The Rise of Skywalker,47,42,8.2,1194
1917,77,8,7.3,10
Jurassic Park,75,18,7.3,9
Oh Lucy!,69,18,6.5,10
Attack on Titan: Smoke Signal,tbd,4,No score yet,
Vertigo,100,32,8.8,240
Krull,45,10,6.8,8
Space Mutiny,86,17,7.9,48
Blade Runner 2049,81,54,8.3,2277
Leaning Into The Wind,76,14,6.8,4
The Gospel According to André,82,27,6.3,27
Believer,58,5,No score yet,
The Oath,72,12,No score yet,
The Philadelphia Story,96,13,8.2,20
"The Night Is Short, Walk on Girl",55,7,7.5,4
Cirque du Soleil in Cinema: KURIOS - Cabinet of Curiosities,91,15,8.4,26
DCI 2018 Tour Premeire,62,21,8.2,152
Porco Rosso,83,11,8.2,46
Perfect Blue,70,32,5.6,18
Puffs: Filmed Live Off Broadway,59,46,6.6,258
Bilal: A New Breed of Hero,52,11,8.6,40
Monster,74,40,7.2,127
Die Hard,81,20,7.1,19
The Sandlot,55,27,8.0,6
Grave of the Fireflies,94,16,9.3,56
Castle in the Sky,78,7,8.7,68
Fireworks,40,10,4.1,16
Anna and the Apocalypse,67,24,7.2,6
Dragon Ball Z: Bardock - The Father of Goku/Dragon Ball Z: Fusion Reborn,62,28,7.2,15
The Happy Prince,64,26,6.5,15
The Great Battle,tbd,4,No score yet,
The Room,9,5,5.2,361
The Ex-File 3: The Return of The Exes,69,6,7.3,12
The Cat Returns,70,11,7.3,24
Loveless,75,10,No score yet,
The Riot and the Dance,64,17,No score yet,
The Big Lebowski,71,46,8.7,712
Marshall,66,34,6.7,61
Burning,92,44,7.4,352
The Sound of Music,63,11,8.5,49
Foxtrot,88,34,7.3,34
The Transformers,59,32,6.2,17
Ponyo,Link error,Link error,Link error,Link error
Dragon Ball Z: Broly - The Legendary Super Saiyan,70,20,8.1,10
The Trump Prophecy,Link error,Link error,Link error,Link error
Monster Hunt 2,69,12,No score yet,
HBO Boxing: Canelo Alvarez vs. Gennady Golovkin II,67,37,6.1,32
"Love, Gilda",49,27,6.4,18
On Chesil Beach,62,33,6.4,27
How Long Will I Love U,Link error,Link error,Link error,Link error
The Island,50,38,8.7,695
The Party,73,31,6.3,32
1945,50,24,4.7,19
Pokémon the Movie: The Power of Us,74,29,6.9,37
Like Arrows,79,33,6.1,28
Kedarnath,56,17,No score yet,
The Dawn Wall,Link error,Link error,Link error,Link error
Little Italy,28,4,5.5,10
Labyrinth,50,10,8.5,175
The Insult,72,25,8.2,27
Wildlife,69,36,7.0,53
The Cakemaker,74,9,7.7,17
Great Performances at the Met: Rossini: Semiramide,66,13,7.5,41
Qué León,79,18,8.1,12
Along With the Gods: The Two Worlds,80,44,7.6,50
Great Performances at the Met: Verdi: Luisa Miller,Link error,Link error,Link error,Link error
Spirited Away,tbd,4,6.3,10
Beautifully Broken,Link error,Link error,Link error,Link error
Grease,84,28,7.7,29
Great Performances at the Met: Mozart: Così fan tutte,tbd,4,6.3,4
102 Not Out,94,53,8.3,3015
Little Women,Link error,Link error,Link error,Link error
Made for More,53,15,6.5,11
Princess Mononoke,Link error,Link error,Link error,Link error
Operation Red Sea,Link error,Link error,Link error,Link error
Great Performances at the Met: Verdi: Aida,Link error,Link error,Link error,Link error
On the Basis of Sex,48,5,No score yet,
The Front Runner,61,44,6.2,37
Assassination Nation,56,28,6.4,45
Pope Francis: A Man of His Word,86,43,7.0,106
The Bookshop,62,22,6.5,20
Great Performances at the Met: Puccini: Tosca,51,31,6.7,46
1991,92,42,7.7,117
Suspiria,79,11,7.9,72
A Beautiful Planet,84,41,7.3,305
Bharath Ane Nenu,Link error,Link error,Link error,Link error
Puzzle,Link error,Link error,Link error,Link error
God Bless the Broken Road,31,6,7.3,10
American Animals,68,40,7.8,105
Whitney,75,37,7.7,27
Thoroughbreds,75,37,7.1,106
The Sisters Brothers,78,44,7.4,117
The Leisure Seeker,45,23,7.3,11
Hearts Beat Loud,65,29,7.2,33
2001: A Space Odyssey,84,25,8.1,1183
The Disaster Artist,76,44,7.6,374
7 Days in Entebbe,49,29,5.8,40
Bad Samaritan,42,20,6.3,44
"Juliet, Naked",85,48,7.5,203
Justice League,45,52,6.3,2274
Disobedience,74,38,7.3,83
The Oscar Nominated Short Films 2018: Live Action,74,51,7.8,2074
Sgt. Stubby: An American Hero,87,35,8.3,87
Ya veremos,25,4,No score yet,
Burn the Stage: The Movie,24,16,4.4,49
Johnny English Strikes Again,39,22,6.1,93
Father Figures,22,17,4.7,29
Samson,46,33,5.5,60
Beirut,69,31,6.3,57
Action Point,36,19,4.1,31
Colette,74,40,7.1,60
Kin,35,20,5.0,33
God's Not Dead: A Light in Darkness,Link error,Link error,Link error,Link error
Pandas,1,8,4.4,289
Once Upon a Deadpool,88,44,7.6,164
Every Day,48,13,6.5,4
The Hurricane Heist,35,12,4.4,41
Unbroken: Path to Redemption,39,7,4.4,10
Fahrenheit 11/9,58,36,5.5,93
Boy Erased,Link error,Link error,Link error,Link error
Downsizing,63,48,5.4,207
Mid90s,66,45,7.6,116
Can You Ever Forgive Me?,63,45,6.2,119
Sanju,Link error,Link error,Link error,Link error
They Shall Not Grow Old,88,43,7.4,261
Early Man,68,39,6.2,92
Welcome to Marwen,53,26,4.8,64
Traffik,37,10,4.3,24
Tully,73,20,8.3,4
Midnight Sun,38,14,5.0,28
Mary Queen of Scots,44,13,8.2,12
Wonder,66,33,7.6,235
Hell Fest,26,11,8.0,64
The Old Man & the Gun,63,6,7.3,23
Upgrade,67,33,7.8,374
Three Identical Strangers,81,30,7.8,63
All the Money in the World,72,47,6.4,174
The Darkest Minds,39,28,5.6,82
Call Me by Your Name,93,53,8.0,1085
Eighth Grade,89,49,8.0,280
RBG,43,28,6.4,77
The Favourite,36,18,6.3,25
Chappaquiddick,67,33,7.3,63
Sorry to Bother You,80,51,7.0,226
Lady Bird,94,50,7.6,949
"Paul, Apostle of Christ",58,33,6.7,61
Bad Times at the El Royale,60,43,7.2,283
Show Dogs,31,14,1.4,31
Vice,52,30,5.7,28
Phantom Thread,90,51,7.7,505
The Happytime Murders,27,48,4.6,105
Proud Mary,35,23,4.5,36
Holmes & Watson,59,35,6.5,55
The Strangers: Prey at Night,48,25,5.7,75
Winchester,28,18,4.4,76
Searching,71,34,7.9,307
"I, Tonya",65,41,7.3,177
Teen Titans GO! To the Movies,69,25,6.4,133
Coco,30,15,2.3,135
Super Troopers 2,41,29,6.7,84
Robin Hood,58,20,6.7,101
Adrift,Link error,Link error,Link error,Link error
Nobody's Fool,82,55,8.0,485
Green Book,79,51,7.1,939
The Spy Who Dumped Me,52,43,6.0,120
Death Wish,31,32,6.9,206
Peppermint,29,26,5.8,101
Alpha,63,26,6.6,127
Mile 22,38,36,5.3,107
The 15:17 to Paris,45,36,4.9,100
The Commuter,56,44,6.3,174
Darkest Hour,75,50,7.3,329
"Love, Simon",88,38,8.3,281
Truth or Dare,35,33,4.1,134
Pitch Perfect 3,40,35,5.8,109
Widows,57,27,6.0,29
Sherlock Gnomes,36,14,4.4,50
Tyler Perry's Acrimony,87,49,7.2,936
First Man,49,24,6.3,112
12 Strong,53,20,4.5,43
Breaking In,42,24,4.0,32
Red Sparrow,53,51,5.4,344
The Shape of Water,87,53,7.0,1006
BlacKkKlansman,48,45,3.8,106
Sicario: Day of the Soldado,61,50,7.0,260
Overboard,53,13,8.0,13
The Predator,48,49,4.3,459
Life of the Party,46,32,5.0,67
A Simple Favor,67,41,6.9,222
The Nutcracker and the Four Realms,56,35,6.4,161
Maze Runner: The Death Cure,50,38,6.5,231
Tomb Raider,48,52,6.3,647
Pacific Rim: Uprising,44,45,4.8,351
Blockers,69,46,6.3,145
The Mule,49,23,5.5,129
Skyscraper,51,43,5.3,200
The House with a Clock in Its Walls,53,37,4.9,60
Game Night,66,41,7.1,345
The First Purge,54,39,4.7,140
Bumblebee,83,51,7.0,419
Smallfoot,30,8,7.9,63
Christopher Robin,60,43,7.4,217
Fifty Shades Freed,31,43,3.6,144
A Wrinkle in Time,53,52,2.8,233
Star Wars: Episode VIII - The Last Jedi,45,46,5.7,279
The Equalizer 2,50,43,6.6,169
Mary Poppins Returns,51,26,6.5,95
The Nun,60,46,6.7,151
The Greatest Showman,48,43,7.5,527
Ready Player One,64,56,7.3,1128
Ocean's Eight,46,46,5.5,292
Fantastic Beasts: The Crimes of Grindelwald,54,23,6.1,146
Crazy Rich Asians,82,55,7.5,1123
Bohemian Rhapsody,62,54,6.1,1802
Ant-Man and the Wasp,70,56,7.0,776
Mission: Impossible - Fallout,58,44,6.8,579
The Grinch,66,51,7.7,1165
Jurassic World: Fallen Kingdom,51,59,5.6,687
Incredibles 2,80,51,7.8,893
Avengers: Infinity War,68,54,8.7,3861
Peter and the Farm,80,13,No score yet,
Justice Is Mind,90,7,5.3,16
The Eyes of My Mother,63,23,6.0,28
La folle histoire de Max et Léon,42,4,4.5,22
The Witness,79,18,6.9,8
National Bird,75,11,No score yet,
NightLights,Link error,Link error,Link error,Link error
My Annoying Brother,Link error,Link error,Link error,Link error
Anatahan,Link error,Link error,Link error,Link error
This Last Lonely Place,Link error,Link error,Link error,Link error
The Black Dove,80,7,No score yet,
Christine,72,34,6.9,42
The Student,Link error,Link error,Link error,Link error
The Loving Story,Link error,Link error,Link error,Link error
Julian Schnabel: A Private Portrait,42,7,No score yet,
I Am Not Madame Bovary,65,13,7.2,6
Extraordinary Ordinary People,Link error,Link error,Link error,Link error
The Lion in Winter,39,6,No score yet,
Always Shine,72,15,5.8,17
The Penguin Counters,Link error,Link error,Link error,Link error
A Different American Dream,Link error,Link error,Link error,Link error
Level Five,87,8,No score yet,
It's Not Yet Dark,96,22,8.1,70
The Romans,78,13,7.0,8
The Polar Express,47,4,7.3,4
Almost Friends,69,14,No score yet,
"Intent to Destroy: Death, Denial & Depiction",Link error,Link error,Link error,Link error
The Greasy Strangler,58,13,5.4,11
Magnus,52,12,No score yet,
Red Christmas,52,5,5.4,5
Under the Sun,81,14,6.6,21
Detour,Link error,Link error,Link error,Link error
New World Order,Link error,Link error,Link error,Link error
The Ghoul,69,16,No score yet,
Take Me,56,11,6.5,11
7 from Etheria,Link error,Link error,Link error,Link error
Behind the White Glasses,Link error,Link error,Link error,Link error
No Home Movie,81,10,7.4,5
1898: Our Last Men in the Philippines,Link error,Link error,Link error,Link error
Kepler's Dream,75,11,7.1,21
Apprentice,77,7,7.0,4
The Bad Kids,75,9,No score yet,
Justice,Link error,Link error,Link error,Link error
Daughter of the Nile,68,8,No score yet,
I Dream in Another Language,64,6,8.0,8
Spices of Liberty,Link error,Link error,Link error,Link error
Tower,92,22,8.0,50
Bugs,44,13,No score yet,
The Gender Card Flip,62,6,No score yet,
Bad Match,56,4,7.2,5
Amanda & Jack Go Glamping,65,8,No score yet,
"Love, Sweat and Tears",Link error,Link error,Link error,Link error
Train to Busan,72,16,7.9,346
Who's Crazy?,Link error,Link error,Link error,Link error
The Beautiful Troublemaker,Link error,Link error,Link error,Link error
Singularity,83,13,6.5,6
Dream Boat,56,4,7.2,6
A Boy Called Po,47,4,6.0,5
Miss Kiet's Children,42,7,No score yet,
German Concentration Camps Factual Survey,Link error,Link error,Link error,Link error
The Pulitzer at 100,43,4,No score yet,
Vengeance: A Love Story,Link error,Link error,Link error,Link error
Icaros: A Vision,77,8,No score yet,
Shakespeare-Wallah,Link error,Link error,Link error,Link error
The Tribes of Palos Verdes,49,10,5.4,7
I Love You Both,Link error,Link error,Link error,Link error
Night School,52,6,No score yet,
Gold,49,40,6.4,72
Company Town,Link error,Link error,Link error,Link error
No culpes al karma de lo que te pasa por gilipollas,62,12,7.0,8
Shut In,25,14,3.7,35
Reset,36,5,No score yet,
The Man from Earth: Holocene,Link error,Link error,Link error,Link error
The Vault,50,5,3.6,19
The Work,84,13,7.5,8
Starless Dreams,85,9,No score yet,
The Seasons In Quincy: Four Portraits of John Berger,47,14,5.6,5
Trespass Against Us,50,16,4.5,12
Chosen,Link error,Link error,Link error,Link error
Best Worst Thing That Ever Could Have Happened,81,12,No score yet,
In the Steps of Trisha Brown,tbd,4,No score yet,
The Last Rampage,48,5,No score yet,
Arise from Darkness,49,4,No score yet,
Harry Benson: Shoot First,74,11,No score yet,
A Kind of Loving,54,4,No score yet,
The Pathological Optimist,Link error,Link error,Link error,Link error
Overdrive,Link error,Link error,Link error,Link error
The Ballad of Lefty Brown,64,12,6.3,12
Suntan,59,9,No score yet,
Footnotes,60,7,No score yet,
From Nowhere,75,8,No score yet,
The Jazz Funeral,Link error,Link error,Link error,Link error
Served Like a Girl,85,5,3.8,4
Big Time,57,5,No score yet,
Birthright: A War Story,70,5,No score yet,
Natasha,76,6,No score yet,
Maurizio Cattelan: Be Right Back,70,4,No score yet,
Félicité,18,27,4.8,58
Painted Woman,62,10,No score yet,
The Eyes,Link error,Link error,Link error,Link error
Irreplaceable,Link error,Link error,Link error,Link error
Inspector Maigret,Link error,Link error,Link error,Link error
Amelia 2.0,74,14,7.2,9
Thirst Street,71,11,No score yet,
Remember the Goal,tbd,4,No score yet,
In Search of Fellini,76,11,No score yet,
Pelle the Conqueror,68,6,No score yet,
Mifune: The Last Samurai,64,14,8.0,5
The Magnificent Seven,54,50,6.5,325
The Challenge,69,7,No score yet,
Blind,83,14,7.6,37
Ugetsu,75,16,No score yet,
Dead Awake,Link error,Link error,Link error,Link error
Sweet Virginia,72,13,7.2,18
Frank Serpico,68,6,No score yet,
Staying Vertical,65,17,7.5,6
4 Days in France,73,10,No score yet,
Junction 48,62,7,No score yet,
Seven Beauties,76,8,No score yet,
Heal,Link error,Link error,Link error,Link error
Birdboy: The Forgotten Children,Link error,Link error,Link error,Link error
The Beatles: Eight Days a Week - The Touring Years,72,22,8.6,25
Time to Die,Link error,Link error,Link error,Link error
Victor,tbd,4,No score yet,
Red Trees,57,5,No score yet,
After Love,66,15,No score yet,
Miss Sloane,64,41,7.1,133
Brotherhood of Blades 2,61,12,No score yet,
The Farthest,87,7,6.7,18
All the Queen's Horses,72,4,No score yet,
SHOT! The Psycho-Spiritual Mantra of Rock,67,10,No score yet,
The Freedom to Marry,67,6,No score yet,
Hunter Gatherer,70,8,No score yet,
Swim Team,72,4,No score yet,
The Sacrifice,80,14,6.6,5
Kills On Wheels,65,5,No score yet,
Sacred,60,4,No score yet,
Mission Control: The Unsung Heroes of Apollo,71,4,No score yet,
Brave New Jersey,45,8,No score yet,
All the Rage,Link error,Link error,Link error,Link error
Carrie Pilby,52,14,7.7,6
Contemporary Color,79,12,No score yet,
That Most Important Thing: Love,72,5,No score yet,
Harmonium,84,16,7.7,9
Bad Grandmas,Link error,Link error,Link error,Link error
Trafficked,38,4,No score yet,
Heat and Dust,49,7,No score yet,
Mansfield 66/67,52,8,No score yet,
The Blackcoat's Daughter,70,12,7.5,4
Trophy,80,19,No score yet,
The Girl Without Hands,82,8,6.7,9
The Man from Outer Space,31,9,6.1,18
Better Watch Out,67,13,6.2,72
The Lucky Man,tbd,4,No score yet,
Man Underground,Link error,Link error,Link error,Link error
Whisky Galore,tbd,4,8.5,15
God Knows Where I Am,66,11,No score yet,
The Recall,Link error,Link error,Link error,Link error
The Passion of Joan of Arc,Link error,Link error,Link error,Link error
The Transfiguration,65,16,6.3,6
Paradise Club,tbd,4,No score yet,
Queen of Katwe,73,40,6.4,60
Una,62,28,4.7,20
My Scientology Movie,62,12,6.4,8
The Departure,85,9,8.5,4
The Grace of Jake,72,7,No score yet,
For Ahkeem,Link error,Link error,Link error,Link error
Naples '44,65,9,No score yet,
30 Years of Garbage: The Garbage Pail Kids Story,72,19,6.4,16
Radio Dreams,74,6,No score yet,
Mali Blues,85,4,No score yet,
The Old Dark House,70,17,6.1,39
False Confessions,41,8,No score yet,
Lemon,59,20,5.8,8
Signature Move,70,8,No score yet,
On the Beach at Night Alone,64,21,7.2,37
No Greater Love,85,4,No score yet,
Ribbons,tbd,4,No score yet,
Sidemen: Long Road to Glory,70,6,No score yet,
Super Dark Times,75,18,7.0,40
Alone in Berlin,52,16,6.4,10
Wasted! The Story of Food Waste,74,6,No score yet,
Uncertain,89,7,8.5,4
Le Trou,66,9,No score yet,
Growing Up Smith,Link error,Link error,Link error,Link error
XX,64,15,3.1,40
The Edge of Seventeen,77,38,7.7,221
Love & Taxes,75,14,6.2,9
Dave Made a Maze,60,9,7.2,12
The Commune,60,22,No score yet,
Sophie and the Rising Sun,55,5,No score yet,
Heart Blackened,Link error,Link error,Link error,Link error
Maurice,75,14,8.6,20
School Life,73,15,No score yet,
A Woman's Life,39,24,3.9,13
78/52: Hitchcock's Shower Scene,Link error,Link error,Link error,Link error
Hermia & Helena,76,16,No score yet,
Unrest,80,7,8.9,15
Karl Marx City,73,10,No score yet,
Just One Drop,67,14,No score yet,
The Settlers,75,8,No score yet,
One Week and a Day,72,11,No score yet,
"Léon Morin, Priest",73,5,No score yet,
Bluebeard,tbd,4,No score yet,
Tampopo,87,18,No score yet,
Napping Princess,69,5,4.3,11
The Ornithologist,85,14,5.9,17
My Journey Through French Cinema,87,17,3.3,4
The Paris Opera,80,10,5.3,4
Twenty Two,Link error,Link error,Link error,Link error
Extraordinary Mission,40,17,No score yet,
Person to Person,53,16,No score yet,
I Called Him Morgan,90,20,6.7,16
Happy End,Link error,Link error,Link error,Link error
Beautiful Accident,71,7,No score yet,
The Boom,54,5,3.1,13
Worlds Apart,61,5,8.4,5
Donald Cried,72,13,7.5,4
Fire at Sea,87,20,6.8,17
The Brand New Testament,70,17,7.1,22
The Teacher,77,8,7.1,10
To the Arctic 3D,72,19,4.8,6
Bang! The Bert Berns Story,79,5,No score yet,
Turn It Around: The Story of East Bay Punk,65,4,No score yet,
Manolo: the Boy Who Made Shoes for Lizards,52,9,No score yet,
Bad Santa 2,38,36,5.4,65
Tragedy Girls,58,10,6.3,23
The Tiger Hunter,66,7,No score yet,
The Wasted Times,Link error,Link error,Link error,Link error
Architects of Denial,Link error,Link error,Link error,Link error
The Love Witch,82,27,6.0,54
Alive and Kicking,77,5,No score yet,
Ocean Waves,73,4,7.2,22
The Nile Hilton Incident,70,8,7.4,16
Earth: One Amazing Day,Link error,Link error,Link error,Link error
Buster's Mal Heart,Link error,Link error,Link error,Link error
Hostiles,73,13,No score yet,
Dina,75,21,No score yet,
Because of Grácia,75,9,8.3,4
Stefan Zweig: Farewell to Europe,Link error,Link error,Link error,Link error
BPM (Beats Per Minute),74,46,7.6,379
Chapter & Verse,tbd,4,4.5,6
Night of the Living Dead,tbd,4,No score yet,
Tim Timmerman: Hope of America,98,19,8.3,127
The Lure,tbd,4,8.4,7
The Bolshoi Ballet: Live From Moscow - A Hero of Our Time,Link error,Link error,Link error,Link error
Slack Bay,66,19,No score yet,
Score,tbd,4,No score yet,
Munna Michael,79,13,5.8,21
The Thousand Faces of Dunjia,Link error,Link error,Link error,Link error
Like Crazy,68,38,7.3,113
Inferno,42,47,5.5,189
The B-Side: Elsa Dorfman's Portrait Photography,Link error,Link error,Link error,Link error
The King's Choice,73,16,6.7,9
City of Ghosts,57,26,8.0,7
Moka,69,10,No score yet,
Our Time Will Come,82,9,7.0,6
Things to Come,88,28,6.9,47
Thelma,86,14,6.1,9
The Handmaiden,84,40,8.5,257
Explosion,67,7,No score yet,
The Other Side of Hope,49,6,No score yet,
The Last Dalai Lama?,66,5,No score yet,
The Ex-File 3: The Return of The Exes,47,43,5.6,191
"Hare Krishna! The Mantra, the Movement and the Swami Who Started It",47,21,3.6,7
A Man Called Ove,70,21,7.4,86
"Polina, danser sa vie",87,9,4.0,4
Valley of Bones,72,26,6.7,36
The Unknown Girl,65,21,6.6,20
9/11,62,14,5.9,93
In This Corner of the World,73,21,7.6,22
Endless Poetry,78,19,7.4,13
The Journey,53,21,6.3,6
Champion,72,21,7.1,20
13 Minutes,82,28,7.4,34
The Bad Batch,62,25,5.5,57
Whose Streets?,79,26,No score yet,
Embrace: The Documentary,75,17,8.3,12
Almost Christmas,55,27,5.1,14
Spark: A Space Tail,22,6,2.4,7
Mr. Gaga: A True Story of Love and Dance,72,27,8.0,11
Hubble 3D,84,30,7.3,35
Take Every Wave: The Life of Laird Hamilton,66,9,No score yet,
Past Life,60,11,No score yet,
Truman,81,16,7.7,10
The Adventurers,47,4,No score yet,
The Fortress,Link error,Link error,Link error,Link error
All I See Is You,43,25,5.2,21
Railroad Tigers,80,14,No score yet,
The Breadwinner,68,15,No score yet,
Little Shop of Horrors,81,15,7.7,63
American Satan,Link error,Link error,Link error,Link error
Crown Heights,64,25,7.4,7
The Prison,Link error,Link error,Link error,Link error
The Swindlers,Link error,Link error,Link error,Link error
1945,71,21,7.9,454
Black Butler: Book of the Atlantic,69,19,6.2,11
Dean,62,24,6.4,33
Storks,56,31,6.3,117
Stalker,26,13,9.1,215
I Do... Until I Don't,79,46,7.2,117
Miss Peregrine's Home for Peculiar Children,tbd,4,No score yet,
Band Aid,67,21,5.9,10
Government 3,85,28,8.3,76
A Silent Voice: The Movie,Link error,Link error,Link error,Link error
Citizen Jane: Battle for the City,70,13,No score yet,
Chuck,68,29,6.9,18
Buddies in India,Link error,Link error,Link error,Link error
Dunkirk,tbd,4,No score yet,
Letters from Baghdad,71,13,No score yet,
Disney Junior HalloVeen Party!,50,9,4.5,20
BOSTON: An American Running Story,tbd,4,No score yet,
The Accountant,51,45,7.3,426
This Is Not What I Expected,Link error,Link error,Link error,Link error
Pearl Jam: Let's Play Two,tbd,4,No score yet,
One Piece Film: Gold,43,4,7.1,27
Land of Mine,75,26,7.6,50
Phillauri,Link error,Link error,Link error,Link error
DCI 2017 Tour Premeire,46,30,6.3,23
Duckweed,Link error,Link error,Link error,Link error
Journey to the South Pacific,78,29,6.5,46
Chasing Trane: The John Coltrane Documentary,69,13,7.4,5
Once Upon A Time,Link error,Link error,Link error,Link error
Born to Be Wild,78,17,6.5,22
Raw,81,33,7.3,190
Song to Song,Link error,Link error,Link error,Link error
Chasing the Dragon,Link error,Link error,Link error,Link error
Phantom Thread,Link error,Link error,Link error,Link error
Samaritan's Purse presents Facing Darkness,67,45,7.7,490
Allied,60,44,6.7,250
Bitter Harvest,77,22,7.5,13
Brigsby Bear,67,35,7.5,44
Along With the Gods: The Two Worlds,33,23,5.3,19
Jonah: The Musical,49,34,5.3,16
Walk With Me,74,14,5.7,7
Titanic,Link error,Link error,Link error,Link error
Chris Brown: Welcome To My Life,tbd,4,7.4,10
Master,53,4,No score yet,
Countdown to Canelo vs. Golovkin,66,24,7.5,4
The Exception,60,15,6.1,22
Revive Us 2,tbd,4,No score yet,
George Takei's Allegiance,Link error,Link error,Link error,Link error
Neruda,82,28,7.3,25
Detective Jagga,59,4,5.8,6
The Red Turtle,86,32,7.8,149
Tubelight,Link error,Link error,Link error,Link error
Landline,66,33,6.4,17
Last Flag Flying,65,45,7.3,44
May It Last,72,26,6.4,13
Mark Felt: The Man Who Brought Down the White House,49,29,5.6,31
Hotchpotch Again,Link error,Link error,Link error,Link error
Columbus,100,18,8.9,345
Wonderstruck,75,22,9.1,1121
Frantz,73,28,7.9,26
Viceroy's House,76,37,6.7,46
Step,81,27,8.6,5
Lucky,41,9,No score yet,
The Trip to Spain,66,31,6.8,20
Spirited Away,Link error,Link error,Link error,Link error
3 idiotas,61,24,5.9,18
Churchill,44,25,8.9,98
The Battleship Island,60,4,7.9,7
My Friend Dahmer,77,38,6.5,107
Wonder Wheel,73,31,7.2,39
The Dinner,57,30,4.4,24
Toni Erdmann,93,36,7.0,181
The Wedding Plan,72,18,7.0,5
The Women's Balcony,89,36,7.3,237
Jane,Link error,Link error,Link error,Link error
Inhumans,tbd,4,7.1,47
A Taxi Driver,69,7,7.9,24
Youth,Link error,Link error,Link error,Link error
Professor Marston & the Wonder Women,84,46,7.0,258
The Comedian,40,37,5.2,18
Jolly LLB 2,Link error,Link error,Link error,Link error
Menashe,81,27,6.4,12
Goodbye Christopher Robin,54,28,6.8,48
The Post,40,23,7.5,12
Free Fire,63,39,6.3,152
The Wall,67,18,7.9,10
Toilet: A Love Story,74,5,8.4,5
Badrinath Ki Dulhania,Link error,Link error,Link error,Link error
Good Time,80,41,7.6,253
Paterson,90,41,7.9,194
The Little Hours,69,29,6.3,51
Brad's Status,19,8,3.9,8
Collide,33,10,8.4,98
The Killing of a Sacred Deer,73,45,6.8,245
The Resurrection of Gavin Stone,36,5,5.5,14
Jeepers Creepers III,85,36,7.5,276
Pokémon the Movie: I Choose You!,67,42,7.3,209
A Quiet Passion,77,30,6.3,40
"I, Tonya",38,21,4.4,38
LBJ,54,19,7.6,18
Do It Like An Hombre,Link error,Link error,Link error,Link error
IN OUR HANDS: Battle for Jerusalem,Link error,Link error,Link error,Link error
Showtime Championship Boxing: Floyd Mayweather vs. Conor McGregor,63,34,5.9,49
Wolf Warrior 2,44,4,5.7,6
Hacksaw Ridge,71,47,8.3,771
Doctor Strange,72,49,8.1,1863
Leap!,48,18,6.3,28
Ingrid Goes West,71,39,7.2,93
Colossal,70,38,6.1,171
Close Encounters of the Third Kind,90,10,7.8,201
Raees,Link error,Link error,Link error,Link error
Til Death Do Us Part,Link error,Link error,Link error,Link error
An Inconvenient Sequel: Truth to Power,68,36,6.3,36
Trolls,55,32,6.6,179
Phoenix Forgotten,33,5,4.5,22
Their Finest,76,30,6.3,50
Table 19,40,29,5.8,32
A Monster Calls,76,40,7.7,234
Friend Request,31,18,4.7,45
Norman,60,11,No score yet,
Kedi,78,23,8.5,40
The Oscar Nominated Short Films 2017: Live Action,65,41,6.1,35
Sleight,62,18,4.8,26
Dangal,Link error,Link error,Link error,Link error
The Hero,61,28,6.8,27
Stronger,76,41,7.4,99
The Book of Henry,31,31,4.7,59
Call Me by Your Name,42,35,5.0,99
Your Name.,83,40,7.4,147
The Man Who Invented Christmas,48,25,5.0,14
Suburbicon,42,49,4.5,116
All Saints,57,9,6.5,6
Same Kind of Different as Me,23,40,6.2,177
The Snowman,23,40,4.0,125
Silence,79,48,7.6,325
Birth of the Dragon,35,13,4.5,27
Beatriz at Dinner,68,36,5.5,49
I Am Not Your Negro,95,36,5.4,170
Let There Be Light,81,52,7.3,223
The Space Between Us,47,40,7.5,264
The Promise,53,26,5.0,13
Maudie,65,35,7.4,43
The Lost City of Z,78,44,7.0,239
Arrival,81,52,8.1,1823
Rock Dog,48,16,7.0,28
Marshall,Link error,Link error,Link error,Link error
The Belko Experiment,44,21,5.0,89
Live by Night,49,43,7.8,192
The Beguiled,77,45,6.2,187
Fantastic Beasts and Where to Find Them,66,50,7.3,1177
Unforgettable,45,27,3.8,30
"Roman J. Israel, Esq.",58,31,6.5,82
Battle of the Sexes,73,46,6.3,145
All the Money in the World,66,47,7.4,187
Father Figures,66,25,6.7,44
Born in China,57,14,6.1,17
It Comes at Night,78,43,6.3,356
Wish Upon,50,6,7.6,33
Moonlight,59,8,No score yet,
The Shape of Water,77,49,6.7,194
Flatliners,55,10,9.0,67
Downsizing,56,40,6.0,67
The Zookeeper's Wife,75,51,6.9,889
The Disaster Artist,28,26,5.0,76
Baahubali 2: The Conclusion,Link error,Link error,Link error,Link error
The Circle,85,28,6.3,6
Manchester by the Sea,96,52,8.2,938
Diary of a Wimpy Kid: The Long Haul,39,16,3.4,59
Sleepless,34,15,4.5,46
Leap!,39,13,7.1,125
Rough Night,51,40,4.7,101
Victoria & Abdul,37,22,3.1,82
"Three Billboards Outside Ebbing, Missouri",60,33,7.5,151
The House,30,22,4.4,69
Resident Evil: The Final Chapter,49,19,5.1,384
Home Again,41,29,5.5,36
Logan Lucky,78,51,6.9,322
Rings,25,23,4.0,111
The Nut Job 2: Nutty by Nature,36,19,4.3,29
Why Him?,39,30,6.7,191
Life,63,20,8.9,59
The Mountain Between Us,48,37,5.1,104
Underworld: Blood Wars,44,26,4.9,48
Patriots Day,69,42,7.1,159
Fences,79,48,7.3,249
Lady Bird,54,11,5.3,38
Fist Fight,37,28,5.2,60
Monster Trucks,41,23,5.4,64
Geostorm,73,44,7.8,357
"Everything, Everything",55,23,7.1,181
American Assassin,45,30,5.7,131
Jigsaw,39,18,6.0,204
King Arthur: Legend of the Sword,41,45,7.2,607
The Star,51,45,6.4,617
Ghost in the Shell,76,14,8.8,165
Moana,81,44,7.8,749
The Big Sick,86,47,7.0,390
47 Meters Down,52,24,5.2,127
Passengers,40,8,6.3,45
xXx: Return of Xander Cage,42,25,4.8,270
All Eyez on Me,38,22,4.4,69
Going in Style,50,31,6.1,90
Smurfs: The Lost Village,40,25,5.8,70
The Great Wall,42,40,5.7,258
Snatched,45,41,3.1,110
Lion,69,45,7.8,321
Boo 2! A Madea Halloween,17,10,2.1,40
The Greatest Showman,34,46,4.5,386
American Made,65,50,6.9,264
Atomic Blonde,63,50,6.7,430
Ferdinand,58,26,6.8,298
The Shack,32,18,5.6,60
Baywatch,37,47,4.7,290
The Lego Ninjago Movie,55,33,5.3,117
Pitch Perfect 3,69,25,6.9,161
Alien: Covenant,65,52,5.8,1289
The Hitman's Bodyguard,48,34,8.8,615
Power Rangers,44,30,6.8,496
The Emoji Movie,12,26,2.0,821
Blade Runner 2049,75,43,8.0,1086
Kingsman: The Golden Circle,65,51,7.6,3483
Transformers: The Last Knight,27,47,4.1,558
Split,62,48,7.0,823
War for the Planet of the Apes,82,50,8.0,770
Cars 3,59,41,7.0,350
Hidden Figures,74,47,7.5,386
Kong: Skull Island,62,49,6.6,755
Jumanji: Welcome to the Jungle,39,45,6.3,821
The Boss Baby,50,32,5.2,245
Get Out,75,48,7.6,603
Coco,56,45,6.9,710
Logan,tbd,4,No score yet,
Despicable Me 3,49,37,5.7,258
Thor: Ragnarok,69,49,7.8,1326
Spider-Man: Homecoming,73,51,7.5,2148
Guardians of the Galaxy Vol. 2,,,,
